5930,14,900000,129,8.2,15344,114,09-03-2017,09-12-2027
2941,270,300000,3,13.46,100000,3,06-09-2011,06-12-2011
5152,28,200000,147,12.39,5526,126,13-07-2015,13-10-2027
6701,68,500000,171,12.72,15631,160,04-01-2021,04-04-2035
7997,244,400000,135,12.1,10408,81,02-05-2019,09-03-2017
4648,229,700000,18,12.57,43777,13,10-09-2020,10-03-2022
8977,29,200000,21,17.07,11150,19,08-07-2011,08-04-2013
8532,93,200000,144,13.03,6039,99,11-11-2011,11-11-2023
8321,53,100000,177,9.59,2036,123,07-08-2011,07-05-2026
2108,12,800000,120,9.14,15986,104,08-12-2019,08-12-2029
3832,133,1000000,9,9.12,111111,6,01-11-2016,01-08-2017
4207,187,200000,120,17.1,8080,74,30-01-2014,30-01-2024
1548,21,600000,102,17.89,21947,65,01-12-2022,01-06-2031
6957,251,600000,90,16.14,19001,56,16-02-2018,16-08-2025
1313,105,500000,69,13.21,13475,42,01-07-2017,01-04-2023
2751,173,200000,81,12.84,5097,50,09-03-2016,09-12-2022
1787,280,600000,132,16.87,25253,88,29-12-2021,29-12-2032
9640,35,600000,129,11.83,14228,122,23-02-2012,23-11-2022
6917,209,700000,84,10.42,16678,79,10-01-2022,10-01-2029
1438,70,500000,57,17.52,16732,56,13-08-2013,13-05-2018
2767,186,500000,150,16.78,21444,111,26-08-2018,26-02-2031
6018,270,600000,120,8.91,11739,94,02-12-2017,02-12-2027
3363,223,700000,120,14.01,21644,99,04-04-2019,04-04-2029
6719,107,200000,102,10.15,4249,92,26-01-2010,26-07-2018
8112,265,500000,54,16.06,16800,35,17-07-2015,17-01-2020
9996,260,600000,90,18,21236,59,12-02-2023,12-08-2030
4439,15,900000,105,8.87,16917,64,07-03-2016,07-12-2024
2826,125,400000,15,9.79,29277,9,18-02-2022,18-05-2023
7191,173,300000,93,14.61,8379,90,01-08-2023,01-05-2031
3792,129,300000,159,9.55,6176,112,06-01-2016,06-04-2029
3056,276,400000,141,16.32,14964,99,24-07-2013,24-04-2025
6592,24,300000,147,8.37,5354,93,26-09-2016,26-12-2028
1151,288,900000,24,17.01,51343,19,24-07-2017,24-07-2019
5639,74,200000,81,10.59,4517,74,28-05-2022,28-02-2029
8659,258,500000,63,9.65,12580,60,14-03-2010,14-06-2015
3301,290,800000,108,14.55,25155,86,19-08-2016,19-08-2025
4364,184,200000,126,13.61,5686,118,27-08-2014,27-02-2025
1302,187,1000000,90,15.24,29990,61,03-06-2020,03-12-2027
8265,29,700000,150,13.23,20727,127,13-11-2020,13-05-2033
5607,2,400000,81,13.16,10369,64,20-03-2017,20-12-2023
1039,191,600000,63,14.52,18759,63,06-07-2014,06-10-2019
7023,250,500000,81,16.79,15665,57,31-07-2023,30-04-2030
1336,240,800000,162,12.03,21623,93,22-12-2019,22-06-2033
5189,241,400000,153,10.72,8873,133,22-11-2011,22-08-2024
7879,215,800000,177,13.55,26775,152,12-03-2015,12-12-2029
6700,84,500000,72,17.63,18397,66,21-05-2016,21-05-2022
7102,295,600000,120,12.89,16808,105,19-12-2021,19-12-2031
4722,113,700000,138,15.36,24425,93,10-06-2023,10-12-2034
2459,202,600000,105,15.98,18708,87,03-12-2017,03-09-2026
7884,81,900000,87,13.91,25743,61,10-02-2014,10-05-2021
3514,86,800000,87,15.08,24579,46,19-10-2012,19-01-2020
6628,274,500000,153,12.55,13503,153,07-08-2016,07-05-2029
8640,298,300000,150,11.04,7027,77,07-11-2015,07-05-2028
4951,187,200000,144,13.7,6483,75,02-03-2011,02-03-2023
2235,213,800000,93,16.45,24979,58,29-03-2011,29-12-2018
6396,172,500000,165,17.78,25434,161,03-08-2011,03-05-2025
5578,237,500000,162,11.03,12028,148,05-08-2010,05-02-2024
1047,59,900000,114,10.86,19967,102,27-03-2011,27-09-2020
2645,240,800000,171,11.41,21234,160,25-12-2011,25-03-2026
9436,24,200000,105,10.67,4286,74,01-07-2017,01-04-2026
3213,70,300000,129,14.53,9031,80,03-11-2019,03-08-2030
3176,263,800000,18,14.91,51071,11,20-06-2019,20-12-2020
7197,154,200000,150,15.37,7414,93,18-09-2013,18-03-2026
2542,129,300000,72,12.58,8483,65,02-05-2017,02-05-2023
7928,167,700000,138,14.16,21771,84,14-02-2016,14-08-2027
4149,221,900000,15,9.15,65490,8,29-07-2014,29-10-2015
7329,131,1000000,132,16.74,41576,103,12-03-2023,12-03-2034
1003,20,900000,102,12.54,22704,87,04-11-2010,04-05-2019
3238,71,500000,51,16.41,18004,48,11-03-2018,11-06-2022
4789,236,800000,168,15.56,36065,121,21-02-2014,21-02-2028
2357,150,200000,21,9.69,10447,18,05-07-2021,05-04-2023
1346,204,900000,105,16.35,28786,98,17-10-2020,17-07-2029
6262,265,200000,102,14.37,5740,72,14-10-2022,14-04-2031
6710,17,900000,27,15.42,44406,16,13-09-2019,13-12-2021
9935,175,600000,168,8.57,11292,99,26-11-2019,26-11-2033
6784,110,600000,105,16.48,19363,64,22-06-2011,22-03-2020
6552,176,700000,159,15.85,29809,141,04-10-2012,04-01-2026
9132,189,700000,156,17.46,36353,124,23-04-2022,23-04-2035
3564,280,400000,96,9.52,8625,71,27-07-2023,27-07-2031
6266,162,500000,138,10.22,10567,105,09-11-2018,09-05-2030
9252,199,800000,141,13.51,22869,81,05-05-2016,05-02-2028
8696,10,500000,72,8.95,11615,51,03-08-2010,03-08-2016
9462,197,600000,45,17.55,21657,25,14-06-2019,14-03-2023
7483,167,700000,9,15.31,77778,9,20-09-2020,20-06-2021
7638,33,1000000,114,16.7,35215,111,30-09-2016,30-03-2026
9255,173,500000,51,10.06,14385,47,03-10-2019,03-01-2024
5387,182,100000,93,17.46,3317,73,12-06-2018,12-03-2026
2895,56,800000,69,17.65,26134,46,11-01-2018,11-10-2023
7510,218,300000,75,12.24,7997,46,09-02-2022,09-05-2028
9946,80,500000,21,12.53,26793,11,13-04-2018,13-01-2020
4640,28,900000,153,15.77,34096,109,09-07-2013,09-04-2026
3957,2,200000,84,14.34,6083,74,22-04-2012,22-04-2019
3627,160,200000,177,12.65,5988,172,13-11-2010,13-08-2025
6065,188,300000,96,14.96,9533,63,12-12-2013,12-12-2021
2689,101,500000,27,17.68,25646,15,29-01-2016,29-04-2018
2766,235,600000,117,15.46,18700,106,10-09-2020,10-06-2030
9400,265,300000,9,12.04,33333,7,26-12-2015,26-09-2016
8044,187,300000,63,14.47,9359,62,17-04-2018,17-07-2023
7627,92,500000,6,13.11,83333,5,27-03-2014,27-09-2014
1185,78,900000,24,13.11,47977,21,21-03-2022,21-03-2024
1083,159,600000,162,16.94,28324,99,24-08-2017,24-02-2031
9337,70,900000,162,16.62,40999,161,21-01-2018,21-07-2031
2372,43,100000,3,16.2,33333,2,23-12-2018,23-03-2019
1275,152,700000,162,17.01,33303,149,02-04-2016,02-10-2029
5597,286,900000,84,10.95,22175,76,08-10-2014,08-10-2021
1978,22,300000,42,8.44,9108,30,01-11-2014,01-05-2018
1682,63,800000,33,8.97,28787,27,14-11-2022,14-08-2025
2365,295,600000,69,11.72,15134,53,08-07-2017,08-04-2023
8147,123,500000,165,8.23,8472,95,08-12-2013,08-09-2027
4758,73,400000,141,15.39,13699,115,02-11-2022,02-08-2034
3576,273,1000000,129,16.67,36224,74,29-05-2018,28-02-2029
2050,229,100000,45,16.27,3493,27,08-12-2017,08-09-2021
4690,210,100000,159,10.7,2358,133,10-09-2020,10-12-2033
8906,119,800000,81,15.81,23828,61,12-01-2019,12-10-2025
7058,41,500000,42,17.29,19209,32,27-06-2019,27-12-2022
1309,260,300000,90,11.92,7332,82,17-02-2018,17-08-2025
4058,218,500000,15,12.25,37417,11,13-06-2017,13-09-2018
6492,118,700000,24,11.68,36378,15,28-11-2013,28-11-2015
4662,162,200000,33,16.1,8169,18,22-12-2021,22-09-2024
3949,227,1000000,144,17.93,50249,133,20-05-2019,20-05-2031
9388,68,500000,15,10.21,36737,9,23-06-2013,23-09-2014
1845,279,1000000,39,13.24,37234,28,26-09-2019,26-12-2022
4824,183,900000,129,14.71,27521,112,16-07-2012,16-04-2023
6647,272,100000,93,17.55,3335,75,11-05-2017,11-02-2025
9937,253,200000,54,16.03,6713,42,10-01-2017,10-07-2021
5618,153,400000,60,16.12,14075,42,28-09-2017,28-09-2022
7130,247,900000,174,15.59,39317,99,06-11-2016,06-05-2031
6727,281,100000,72,13.88,3029,56,14-01-2015,14-01-2021
1732,214,200000,48,10.88,6298,37,20-07-2021,20-07-2025
3063,115,900000,9,17.35,100000,6,31-03-2019,31-12-2019
7756,265,400000,84,17.46,14690,76,10-09-2020,10-09-2027
3955,88,800000,39,12.77,29418,21,08-08-2016,08-11-2019
4534,10,900000,66,13.35,25516,61,22-06-2016,22-12-2021
8802,56,400000,96,8.71,8127,90,01-12-2015,01-12-2023
4590,163,900000,78,12.28,23119,49,28-02-2020,28-08-2026
4978,74,100000,108,15.72,3445,71,06-06-2015,06-06-2024
1817,153,400000,54,9.1,10495,28,13-02-2010,13-08-2014
6327,254,600000,111,16.85,21953,75,18-02-2015,18-05-2024
4645,74,600000,177,17.89,33951,109,22-08-2018,22-05-2033
4211,34,400000,45,11.33,12265,27,12-04-2016,12-01-2020
1264,223,100000,114,10.43,2142,60,30-06-2021,30-12-2030
3521,166,300000,126,9.33,5810,65,30-11-2019,30-05-2030
7295,36,300000,162,10,6393,118,07-11-2018,07-05-2032
8054,277,200000,165,13.88,6567,90,23-11-2016,23-08-2030
9719,34,500000,93,15.96,15158,84,28-05-2013,28-02-2021
1908,229,1000000,90,11.35,23582,74,21-05-2018,21-11-2025
6111,51,200000,51,17.94,7588,32,30-09-2018,30-12-2022
2968,288,300000,78,8.21,6175,59,08-06-2017,08-12-2023
6704,142,600000,162,16.02,25560,150,18-10-2014,18-04-2028
4361,236,300000,42,13.01,10309,33,01-09-2014,01-03-2018
7570,29,200000,42,13.36,6937,39,21-02-2010,21-08-2013
3478,112,400000,18,16.18,25818,18,14-12-2017,14-06-2019
7481,173,600000,129,11.22,13471,79,18-02-2013,18-11-2023
5350,40,700000,111,12.5,18203,99,23-05-2012,23-08-2021
7093,27,900000,147,11.84,23447,144,23-01-2018,23-04-2030
6857,204,700000,18,9.26,42490,14,25-12-2021,25-06-2023
6309,287,800000,75,15.08,24776,51,08-08-2015,08-11-2021
8660,258,700000,156,13.66,23707,113,05-03-2022,05-03-2035
4160,7,300000,105,12.35,7253,53,27-05-2014,27-02-2023
8192,110,500000,132,14.45,16717,88,27-11-2013,27-11-2024
3272,165,100000,156,17.95,5482,113,31-03-2022,31-03-2035
5021,292,600000,102,17.25,21011,55,28-09-2010,28-03-2019
7956,186,600000,123,10.16,12838,120,24-07-2020,24-10-2030
2577,277,300000,3,9.96,100000,2,12-10-2011,12-01-2012
1926,114,900000,141,12.46,23227,76,21-05-2019,21-02-2031
3761,137,800000,69,10.53,19127,65,01-01-2022,01-10-2027
5600,239,400000,108,16.29,14405,62,05-12-2014,05-12-2023
4895,102,200000,42,12.7,6816,40,23-12-2011,23-06-2015
7075,19,900000,162,12.41,25421,151,06-08-2017,06-02-2031
8451,24,400000,24,13.42,21440,23,21-07-2013,21-07-2015
3144,292,700000,21,8.25,36083,19,28-06-2015,28-03-2017
2290,179,600000,84,9,13057,45,13-07-2014,13-07-2021
1670,260,700000,141,9.49,13459,111,09-09-2020,09-06-2032
3826,71,900000,171,9.17,17976,111,05-06-2020,05-09-2034
9268,300,600000,162,14.34,21145,132,30-08-2012,28-02-2026
1944,138,400000,99,9.64,8437,78,05-05-2013,05-08-2021
6597,76,500000,48,8.44,14404,48,07-06-2017,07-06-2021
4273,21,900000,39,11.65,32118,25,14-02-2018,14-05-2021
4554,294,200000,156,9.3,4073,96,17-04-2020,17-04-2033
6627,32,400000,111,9.25,7990,62,26-06-2023,26-09-2032
1579,68,300000,120,8.47,5637,106,23-04-2010,23-04-2020
2797,186,500000,144,10.88,11991,85,25-04-2022,25-04-2034
5268,83,900000,147,8.85,16938,96,03-01-2021,03-04-2033
4359,167,600000,9,17.71,66667,6,05-10-2016,05-07-2017
1909,81,200000,135,8.7,3709,91,06-04-2018,06-07-2029
1065,240,400000,3,16.17,133333,3,01-10-2014,01-01-2015
7599,106,700000,63,14.6,21962,42,02-04-2014,02-07-2019
2977,37,700000,111,15.58,23212,64,25-07-2012,25-10-2021
7613,19,900000,171,12.67,27962,141,27-07-2017,27-10-2031
8862,203,500000,63,14.74,15784,35,19-04-2019,19-07-2024
5188,293,1000000,123,10.29,21650,69,09-08-2018,09-11-2028
1127,72,400000,147,14.06,13193,79,28-08-2019,28-11-2031
2313,171,600000,114,12.6,15314,107,17-02-2010,17-08-2019
4274,82,700000,96,11.3,17171,81,28-04-2012,28-04-2020
1862,192,200000,6,14.63,33333,6,25-06-2018,25-12-2018
7029,73,800000,93,15.91,24180,55,20-04-2013,20-01-2021
5686,236,500000,48,10.73,15660,47,24-04-2019,24-04-2023
6109,10,600000,138,13.76,17954,82,30-06-2017,30-12-2028
1304,169,500000,84,8.54,10564,51,24-08-2017,24-08-2024
1560,204,400000,69,8.34,8653,69,13-04-2019,13-01-2025
4420,68,800000,108,13.76,23636,89,17-04-2020,17-04-2029
3450,49,200000,123,16.61,7559,71,30-04-2011,30-07-2021
1253,264,400000,57,16.88,13096,51,30-11-2019,30-08-2024
3767,74,400000,81,15.12,11494,52,08-09-2017,08-06-2024
5284,153,700000,60,11.71,20296,50,15-06-2016,15-06-2021
8264,95,500000,165,15.57,19883,92,06-09-2015,06-06-2029
7053,163,900000,159,17.17,44408,113,25-09-2019,25-12-2032
1412,295,1000000,18,16.21,64561,15,22-10-2020,22-04-2022
8907,9,700000,111,16.51,24948,83,21-01-2017,21-04-2026
5624,264,700000,72,8.42,15791,50,30-11-2017,30-11-2023
9383,90,800000,87,11.41,19590,80,28-08-2014,28-11-2021
6726,184,1000000,27,11.78,46277,24,27-03-2018,27-06-2020
6043,105,200000,111,12.72,5293,93,27-03-2021,27-06-2030
2730,292,900000,102,10.68,19870,59,03-07-2021,03-01-2030
5257,222,900000,18,9.09,54545,9,15-07-2010,15-01-2012
5236,281,600000,66,12.27,16215,41,08-02-2020,08-08-2025
7598,36,800000,84,10.94,19698,51,12-06-2016,12-06-2023
6168,109,500000,141,11.74,12024,75,20-08-2013,20-05-2025
7062,215,900000,117,10.15,18362,91,24-10-2020,24-07-2030
4475,29,500000,156,12.67,15113,87,21-11-2011,21-11-2024
9609,13,700000,9,10.32,77778,7,28-09-2016,28-06-2017
1079,109,500000,177,15.4,20984,94,08-07-2010,08-04-2025
9164,26,100000,123,15.65,3480,89,15-05-2022,15-08-2032
1947,254,1000000,111,13.73,28678,90,29-02-2012,29-05-2021
2729,213,400000,114,12.43,10072,105,02-07-2020,02-01-2030
7768,30,600000,33,9.52,21808,33,26-05-2012,26-02-2015
3893,175,900000,3,16.65,300000,3,14-07-2014,14-10-2014
6656,278,300000,168,16.59,15313,92,10-06-2011,10-06-2025
8216,244,800000,153,11.25,18793,101,13-09-2019,13-06-2032
8974,117,1000000,39,17,41067,31,12-06-2023,12-09-2026
9490,105,400000,108,15.67,13728,85,24-06-2017,24-06-2026
7166,124,200000,123,9.54,4044,80,03-05-2010,03-08-2020
6897,200,900000,144,15.69,35928,73,24-09-2017,24-09-2029
6538,7,900000,69,17.48,29189,39,06-03-2020,06-12-2025
7498,246,200000,174,12.97,6338,129,20-10-2020,20-04-2035
5663,270,200000,111,10.91,4576,97,04-07-2012,04-10-2021
8425,72,600000,72,15.57,19856,48,15-06-2012,15-06-2018
6916,100,100000,48,16.5,3838,45,22-07-2018,22-07-2022
6619,9,700000,156,10.4,16239,119,23-06-2011,23-06-2024
9617,29,400000,129,8.41,6953,76,18-01-2017,18-10-2027
5797,113,300000,54,13.47,9210,42,25-04-2017,25-10-2021
3279,35,800000,138,13.77,23962,79,19-05-2022,19-11-2033
1551,104,400000,18,12.66,25036,12,15-01-2016,15-07-2017
1535,50,200000,108,11.85,5074,86,16-04-2017,16-04-2026
2293,92,500000,168,16.42,25006,142,21-12-2022,21-12-2036
2499,94,900000,9,11.93,100000,9,16-09-2015,16-06-2016
3606,118,400000,150,10.93,9259,139,29-08-2019,29-02-2032
7543,117,800000,141,9.45,15319,113,21-07-2015,21-04-2027
3342,167,300000,114,10.85,6650,63,13-12-2019,13-06-2029
8709,286,1000000,177,11.28,25227,129,18-08-2011,18-05-2026
5890,249,300000,60,14.02,9636,50,04-02-2019,04-02-2024
5848,290,400000,87,10.7,9366,70,29-01-2018,29-04-2025
2828,261,400000,96,13.9,11803,58,05-01-2010,05-01-2018
7547,98,300000,75,11.69,7765,43,23-01-2014,23-04-2020
7953,277,500000,6,8.84,83333,5,20-04-2018,20-10-2018
8274,100,900000,48,16.13,34102,43,01-09-2019,01-09-2023
3221,96,300000,111,10.31,6536,61,28-01-2014,28-04-2023
8485,250,800000,27,8.44,34842,22,07-06-2010,07-09-2012
7009,17,1000000,66,10.36,24804,35,02-12-2016,02-06-2022
7052,76,500000,174,17.81,28508,162,27-10-2015,27-04-2030
9342,58,200000,36,10.61,7518,33,29-03-2022,29-03-2025
4526,173,500000,171,16.35,24361,98,09-07-2015,09-10-2029
5842,294,500000,99,16.32,16927,71,26-09-2016,26-12-2024
2352,258,400000,129,13.07,10591,123,21-09-2017,21-06-2028
6430,47,600000,114,14.08,17224,66,13-12-2021,13-06-2031
9177,204,700000,90,11.83,17012,45,01-10-2016,01-04-2024
5494,112,500000,57,14.22,14930,42,28-06-2012,28-03-2017
9584,205,300000,21,10.81,15830,20,06-09-2016,06-06-2018
1558,45,200000,12,8.3,18050,9,02-08-2014,02-08-2015
7635,149,700000,111,15.24,22605,62,07-05-2010,07-08-2019
5500,108,600000,117,10.32,12412,104,26-08-2022,26-05-2032
3236,172,700000,153,11.2,16356,134,17-06-2010,17-03-2023
5591,248,700000,33,8.22,24843,31,05-07-2013,05-04-2016
3104,98,300000,39,14.24,11469,32,13-06-2021,13-09-2024
8089,221,800000,102,16.96,27466,94,16-11-2015,16-05-2024
7334,182,400000,39,8.81,13213,28,01-06-2015,01-09-2018
1060,174,300000,36,9.94,11074,22,30-01-2012,30-01-2015
2842,229,200000,57,12.47,5614,47,08-10-2014,08-07-2019
4112,207,300000,129,13.66,8368,116,08-01-2017,08-10-2027
4430,48,300000,30,17.64,13839,19,09-06-2019,09-12-2021
8664,201,700000,147,11.23,17078,110,14-02-2022,14-05-2034
6380,245,600000,15,14.76,45904,9,01-10-2020,01-01-2022
3353,139,500000,135,11.98,12858,101,08-04-2019,08-07-2030
8478,70,1000000,171,17.8,57948,158,24-11-2019,24-02-2034
2017,295,600000,141,11.46,14036,111,04-08-2015,04-05-2027
2582,254,1000000,51,11.83,30666,27,14-06-2018,14-09-2022
1793,92,100000,165,13.59,3176,123,20-08-2020,20-05-2034
3583,257,500000,96,11.96,12859,92,08-05-2011,08-05-2019
9843,208,200000,147,12.04,5323,137,10-07-2018,10-10-2030
3234,158,700000,123,8.68,13082,115,15-04-2014,15-07-2024
6183,198,500000,63,8.64,12011,36,23-12-2016,23-03-2022
8961,268,300000,180,10.7,7657,134,12-09-2022,12-09-2037
1611,259,700000,117,10.31,14469,62,10-08-2011,10-05-2021
1072,199,600000,21,15.11,32889,13,08-03-2022,08-12-2023
8684,35,300000,84,17.03,10738,57,21-11-2018,21-11-2025
1116,127,400000,54,11.17,11314,36,30-04-2010,30-10-2014
7158,220,900000,141,9.76,17779,98,26-10-2017,26-07-2029
1153,269,200000,93,12.07,4775,86,16-05-2012,16-02-2020
4290,224,300000,15,12.3,22460,14,28-08-2019,28-11-2020
1198,136,900000,147,14.82,32147,98,03-05-2013,03-08-2025
9847,152,200000,168,15.36,8800,108,13-09-2016,13-09-2030
5200,50,900000,24,8.83,44415,24,28-11-2015,28-11-2017
5368,126,100000,108,15.75,3454,72,28-06-2012,28-06-2021
5637,135,300000,123,9.53,6061,100,29-01-2016,29-04-2026
8715,95,500000,159,10.44,11434,128,24-05-2011,24-08-2024
2696,244,1000000,63,17.54,35611,62,14-08-2015,14-11-2020
9623,48,100000,51,15.95,3544,28,01-11-2021,01-02-2026
6575,86,300000,96,14.63,9316,48,14-06-2010,14-06-2018
3888,94,900000,108,15.75,31082,75,28-08-2017,28-08-2026
1800,255,200000,171,10.25,4585,109,10-02-2023,10-05-2037
2120,247,600000,135,13.16,17316,83,24-11-2013,24-02-2025
6414,300,800000,84,11.51,20418,52,28-09-2022,28-09-2029
4196,209,600000,75,10.5,14563,58,03-11-2016,03-02-2023
3173,27,100000,180,8.2,1812,101,24-11-2016,24-11-2031
7482,123,700000,153,9.45,13521,152,18-08-2020,18-05-2033
8219,264,900000,108,16,31691,83,09-05-2013,09-05-2022
3807,237,100000,174,8.65,1836,171,27-08-2017,27-02-2032
6546,32,800000,105,9.45,15690,60,28-01-2014,28-10-2022
6181,16,400000,114,16.19,13542,111,03-12-2012,03-06-2022
4989,230,200000,138,17.82,8802,133,21-02-2018,21-08-2029
9676,52,900000,174,16.87,45871,128,09-05-2019,09-11-2033
4151,53,300000,84,9.83,6885,52,26-11-2010,26-11-2017
3089,250,700000,144,15.72,28031,119,19-01-2012,19-01-2024
8279,14,700000,33,16.32,28701,33,06-02-2015,06-11-2017
7930,41,500000,153,16.52,20468,132,28-09-2022,28-06-2035
6558,290,100000,153,16.38,4035,94,20-02-2016,20-11-2028
1107,198,1000000,18,11.61,62006,9,23-11-2012,23-05-2014
6175,122,1000000,141,16.89,39476,104,28-12-2017,28-09-2029
3789,45,1000000,132,15.43,36722,120,06-09-2021,06-09-2032
2992,41,700000,87,11.8,17566,57,12-08-2022,12-11-2029
7532,119,800000,60,13.2,24784,36,10-09-2016,10-09-2021
9410,114,100000,168,10.33,2357,154,26-12-2010,26-12-2024
1631,102,900000,66,9.17,21145,61,28-05-2023,28-11-2028
6543,216,800000,171,16.38,39119,125,18-07-2012,18-10-2026
5623,184,100000,99,15.47,3192,65,18-11-2013,18-02-2022
5695,290,300000,174,13.14,9710,163,25-10-2022,25-04-2037
1184,289,500000,81,11.37,11779,63,08-04-2016,08-01-2023
2743,144,700000,72,12.25,19448,42,13-08-2010,13-08-2016
8695,159,100000,168,8.1,1771,118,23-08-2013,23-08-2027
2520,8,1000000,99,16.19,33552,50,25-10-2013,25-01-2022
5692,236,800000,177,9.66,16436,106,16-11-2021,16-08-2036
3109,270,200000,165,13.77,6485,115,25-12-2010,25-09-2024
6703,224,900000,171,16.74,45954,134,12-07-2014,12-10-2028
4585,23,200000,42,10.15,6364,25,05-08-2017,05-02-2021
6045,8,600000,21,17.86,33674,21,31-12-2021,30-09-2023
6063,198,900000,132,10.95,21383,132,14-05-2021,14-05-2032
3163,241,100000,153,12.07,2566,124,13-04-2023,13-01-2036
4231,61,700000,3,16.24,233333,2,03-08-2012,03-11-2012
3212,47,900000,48,12.26,29778,35,01-09-2022,01-09-2026
4774,53,500000,162,9.25,9748,123,01-09-2011,01-03-2025
9338,36,500000,123,9.76,10316,86,15-10-2022,15-01-2033
1511,122,200000,150,11.22,4777,110,18-05-2023,18-11-2035
9976,83,800000,60,17.54,29913,60,08-04-2023,08-04-2028
7008,81,300000,165,11.54,7520,97,29-05-2019,28-02-2033
9076,137,800000,159,13.57,26310,132,31-01-2017,30-04-2030
4504,152,900000,54,12.09,26310,46,18-07-2020,18-01-2025
2880,188,500000,60,12.68,15137,41,19-11-2013,19-11-2018
8874,238,1000000,6,16.47,166667,5,13-07-2023,13-01-2024
5768,36,100000,48,9.1,2952,34,05-12-2012,05-12-2016
7603,230,200000,120,15.72,7177,78,28-02-2021,28-02-2031
9367,162,900000,57,17.8,30405,54,29-03-2018,29-12-2022
8750,161,300000,18,9.18,18197,18,06-01-2022,06-07-2023
6611,94,1000000,36,9.92,36892,29,10-05-2015,10-05-2018
7477,269,200000,48,12.11,6582,28,22-02-2023,22-02-2027
7022,99,700000,171,14.3,26592,93,25-04-2012,25-07-2026
3015,120,400000,66,14.11,11726,39,22-10-2022,22-04-2028
9688,77,500000,60,8.5,12530,50,04-09-2016,04-09-2021
2066,75,700000,111,17.74,27422,66,03-05-2013,03-08-2022
4297,271,200000,48,10.12,6127,47,20-05-2018,20-05-2022
9836,246,600000,90,9.44,12535,58,09-09-2012,09-03-2020
8225,234,700000,129,9.83,13859,115,11-10-2010,11-07-2021
3695,205,700000,84,10.06,16301,60,31-05-2013,31-05-2020
8588,12,500000,81,17.96,16630,71,20-07-2017,20-04-2024
7524,59,600000,30,17.3,27519,26,24-04-2021,24-10-2023
1485,284,500000,105,10.83,10840,94,30-10-2016,30-07-2025
6638,275,900000,150,13.97,28816,139,29-08-2022,28-02-2035
3319,22,300000,180,11.64,8693,143,12-07-2019,12-07-2034
5872,35,600000,165,10.5,13316,161,17-09-2013,17-06-2027
9370,251,100000,9,9.16,11111,7,11-10-2022,11-07-2023
4615,166,900000,15,12.03,67218,11,22-09-2018,22-12-2019
2683,73,200000,51,9.77,5694,32,13-05-2013,13-08-2017
1884,45,500000,27,17.73,25667,27,15-01-2021,15-04-2023
1130,154,100000,75,16.5,3333,45,11-03-2010,11-06-2016
8331,30,1000000,171,17.88,58501,91,24-12-2012,24-03-2027
4521,5,200000,180,8.83,3954,100,02-03-2017,02-03-2032
3591,115,700000,78,8.35,14520,58,03-08-2015,03-02-2022
7005,110,500000,54,16.21,16887,41,09-07-2018,09-01-2023
7007,121,800000,33,15.58,32385,31,09-12-2013,09-09-2016
2261,275,500000,162,14.51,17965,128,13-06-2010,13-12-2023
4899,178,600000,12,10.72,55360,9,08-08-2010,08-08-2011
2257,215,900000,87,11.63,22345,75,29-11-2018,28-02-2026
1924,39,600000,84,15.11,19128,84,05-01-2013,05-01-2020
8954,41,800000,117,15.91,25822,100,10-06-2012,10-03-2022
3171,133,400000,27,11.5,18418,22,02-07-2022,02-10-2024
8097,107,600000,78,15.44,18205,46,31-10-2016,30-04-2023
4795,85,500000,129,14.06,14445,120,14-08-2023,14-05-2034
8353,32,900000,78,13.94,25247,75,02-01-2019,02-07-2025
9357,28,100000,54,12.09,2923,27,27-05-2019,27-11-2023
6885,238,600000,105,11.6,13749,99,23-07-2020,23-04-2029
4476,252,300000,138,14.61,9743,122,02-09-2021,02-03-2033
8668,288,500000,45,8.01,14001,34,19-09-2016,19-06-2020
7408,53,800000,45,14.86,26939,40,24-12-2015,24-09-2019
4707,214,300000,138,12.96,8306,116,07-08-2017,07-02-2029
9526,126,400000,84,11.59,10260,43,05-12-2016,05-12-2023
9555,240,1000000,18,9.75,60972,15,31-01-2012,31-07-2013
4872,269,600000,174,9.64,12507,107,02-03-2016,02-09-2030
9518,251,400000,105,15.42,11998,81,25-01-2021,25-10-2029
5074,117,200000,24,8.15,9747,18,27-10-2021,27-10-2023
4987,59,700000,21,11.4,37133,18,03-08-2010,03-05-2012
9450,116,900000,162,9.2,17443,156,18-03-2013,18-09-2026
9071,203,800000,114,13.39,21745,81,13-04-2021,13-10-2030
4085,46,1000000,120,8.09,18142,109,18-10-2020,18-10-2030
5088,102,200000,177,12.6,5951,106,11-07-2013,11-04-2028
5118,27,200000,168,11.86,5717,108,17-02-2018,17-02-2032
1785,221,900000,165,15,33561,85,10-01-2021,10-10-2034
9833,93,600000,84,11.4,15208,61,25-05-2023,25-05-2030
9446,232,400000,141,17.55,16799,131,04-07-2017,04-04-2029
4014,144,700000,132,8.06,12441,127,20-09-2022,20-09-2033
8459,93,900000,33,12.78,34689,23,18-06-2016,18-03-2019
8404,68,400000,162,17.36,19784,103,12-02-2011,12-08-2024
4321,247,300000,132,16.32,11988,112,08-08-2015,08-08-2026
7099,67,800000,153,15.74,30213,79,12-02-2018,12-11-2030
1824,161,700000,174,17.62,39020,151,21-02-2012,21-08-2026
8193,104,900000,33,11.21,33730,23,19-11-2013,19-08-2016
8769,257,200000,117,17.53,7314,70,07-12-2022,07-09-2032
8771,263,700000,126,8.19,12207,77,29-10-2016,29-04-2027
5594,101,300000,45,16.11,10436,31,07-04-2019,07-01-2023
8630,204,500000,36,16.37,21887,30,04-02-2023,04-02-2026
8093,181,800000,162,12.28,22259,144,30-11-2012,30-05-2026
6525,295,800000,57,12.03,22108,49,15-12-2021,15-09-2026
4370,135,900000,45,11.06,27397,40,14-07-2018,14-04-2022
8915,228,300000,132,17.56,13471,117,27-07-2013,27-07-2024
1955,176,800000,144,10.6,18612,118,22-03-2016,22-03-2028
5997,241,400000,114,11.63,9445,94,14-04-2023,14-10-2032
2489,243,900000,6,12.6,150000,6,22-12-2014,22-06-2015
9147,101,600000,6,14.68,100000,4,22-11-2020,22-05-2021
2839,248,400000,180,9.64,8837,149,17-12-2020,17-12-2035
7798,1,900000,138,17.92,39978,86,08-11-2021,08-05-2033
5977,22,800000,144,14.14,27163,93,25-05-2018,25-05-2030
7574,153,300000,159,17.95,16136,147,26-10-2010,26-01-2024
8122,147,600000,105,9.75,12028,83,28-10-2020,28-07-2029
8581,117,900000,54,13.06,27232,49,04-09-2019,04-03-2024
5371,56,900000,75,12.45,24263,61,18-11-2022,18-02-2029
8850,55,600000,36,16.19,26143,18,08-10-2010,08-10-2013
9856,229,500000,147,9.02,9588,113,03-09-2019,03-12-2031
6102,140,500000,66,16.25,16084,64,03-10-2017,03-04-2023
9954,174,900000,150,8.42,15829,144,17-02-2016,17-08-2028
6693,8,500000,54,11.56,14342,53,15-05-2013,15-11-2017
7840,166,400000,63,14.75,12632,44,28-01-2020,28-04-2025
6195,177,300000,99,9.32,6181,87,07-06-2018,07-09-2026
3430,296,900000,90,10.95,20696,83,06-04-2010,06-10-2017
2978,187,200000,147,16.84,8807,78,12-11-2014,12-02-2027
8752,174,200000,78,9.62,4449,71,09-09-2013,09-03-2020
4873,228,600000,147,11.32,14781,105,20-05-2014,20-08-2026
6330,88,800000,174,13.01,25479,134,21-07-2013,21-01-2028
5904,83,300000,3,14.2,100000,2,12-08-2020,12-11-2020
6625,164,600000,90,9.23,12368,67,12-07-2021,12-01-2029
4567,84,600000,141,14.89,19590,98,04-03-2022,04-12-2033
6268,200,900000,180,16.35,48469,91,06-06-2011,06-06-2026
1565,127,200000,63,8.12,4691,49,23-02-2023,23-05-2028
9748,186,300000,120,15.09,10193,74,14-12-2016,14-12-2026
9829,249,400000,87,8.76,8276,69,17-08-2013,17-11-2020
3632,239,900000,165,14.63,32184,138,12-02-2017,12-11-2030
2710,281,1000000,84,9.13,21945,71,23-09-2011,23-09-2018
6801,29,400000,33,17.89,16846,19,25-06-2013,25-03-2016
6066,238,200000,75,9.12,4502,38,11-08-2018,11-11-2024
1957,44,500000,123,12.17,12818,78,07-12-2020,07-03-2031
1635,161,400000,180,14.49,16916,104,16-02-2021,16-02-2036
8579,91,900000,75,12.41,24211,53,11-05-2010,11-08-2016
8848,107,600000,141,12.2,15096,135,14-03-2020,14-12-2031
4729,60,200000,39,11.52,7113,23,27-10-2022,27-01-2026
9735,53,600000,108,8.39,11472,95,20-08-2015,20-08-2024
4130,182,400000,180,8.93,8017,144,19-01-2022,19-01-2037
8295,240,800000,81,13.11,20683,54,18-10-2018,18-07-2025
8768,15,300000,138,11.02,6865,130,04-08-2013,04-02-2025
8895,177,800000,144,13.7,25933,85,30-08-2023,30-08-2035
3515,69,100000,105,17.06,3358,92,13-06-2021,13-03-2030
5592,14,800000,99,13.19,21773,87,04-04-2010,04-07-2018
4446,141,700000,66,13.21,19723,49,31-10-2013,30-04-2019
1261,104,700000,75,17.56,24637,56,01-06-2011,01-09-2017
6113,18,700000,51,11.26,21032,31,01-09-2016,01-12-2020
8932,198,600000,30,17.81,27758,19,10-10-2022,10-04-2025
2589,170,900000,180,13.27,32411,165,01-07-2010,01-07-2025
3914,291,800000,159,9.07,15555,123,08-12-2012,08-03-2026
1325,265,300000,6,12.48,50000,6,07-05-2015,07-11-2015
7211,160,400000,135,14.79,13510,103,09-08-2012,09-11-2023
4022,119,100000,87,13.2,2738,54,18-05-2011,18-08-2018
9666,236,400000,141,15.45,13778,121,12-10-2017,12-07-2029
4820,22,800000,33,12.22,30529,20,02-10-2018,02-07-2021
6202,15,400000,111,13.3,11087,104,21-06-2020,21-09-2029
9627,220,200000,72,12.19,5539,42,01-07-2014,01-07-2020
3540,53,100000,69,17.21,3206,43,29-04-2016,29-01-2022
3373,74,500000,120,8.42,9352,86,16-09-2022,16-09-2032
3588,51,600000,57,8.27,14465,34,06-02-2016,06-11-2020
9493,81,500000,51,8.37,13522,32,29-01-2018,29-04-2022
6644,59,500000,30,8.68,19686,16,20-10-2019,20-04-2022
4621,235,100000,99,14.51,2986,67,16-05-2012,16-08-2020
2809,34,600000,12,12.52,56260,12,07-06-2014,07-06-2015
2946,45,500000,111,13.19,13738,76,24-12-2020,24-03-2030
3026,182,300000,84,15.48,9781,69,14-07-2022,14-07-2029
7507,132,800000,63,13.01,23406,39,13-02-2018,13-05-2023
7825,272,300000,114,9,5716,100,06-01-2016,06-07-2025
3261,155,100000,27,14.37,4845,23,17-07-2022,17-10-2024
1718,277,500000,147,13.17,15012,138,01-07-2021,01-10-2033
8870,14,700000,3,10.2,233333,3,23-12-2021,23-03-2022
8571,137,900000,84,16.23,30704,43,02-12-2022,02-12-2029
8688,271,100000,54,9.44,2657,50,15-06-2016,15-12-2020
8413,96,800000,129,9.33,15132,120,21-01-2010,21-10-2020
8257,188,400000,174,8.52,7222,109,23-09-2014,23-03-2029
7037,70,600000,105,16.91,19942,67,09-08-2012,09-05-2021
4441,6,600000,15,17.28,46912,11,21-03-2011,21-06-2012
5212,272,500000,54,14.9,16138,41,06-02-2016,06-08-2020
8349,183,200000,84,11.76,5185,73,14-03-2018,14-03-2025
7150,252,500000,126,13.54,14128,123,11-11-2017,11-05-2028
1562,179,300000,144,15,11146,94,08-04-2016,08-04-2028
6341,243,900000,162,17.42,44810,132,26-09-2021,26-03-2035
2262,123,200000,129,12.24,4919,67,19-08-2022,19-05-2033
7264,231,300000,69,16.58,9363,66,22-02-2013,22-11-2018
5078,298,600000,69,12.83,15901,50,07-03-2015,07-12-2020
6079,86,600000,132,15.99,23238,80,05-12-2020,05-12-2031
5808,299,700000,150,10.18,14936,98,10-11-2017,10-05-2030
3464,233,500000,168,11.05,12910,120,13-06-2012,13-06-2026
9810,69,600000,168,10.05,13649,87,07-08-2017,07-08-2031
9552,116,100000,72,14.54,3136,38,26-09-2020,26-09-2026
4618,116,500000,66,8.42,11349,43,14-06-2021,14-12-2026
7425,223,900000,81,14.68,25275,81,26-04-2021,26-01-2028
4828,166,800000,141,10.6,17186,140,02-06-2013,02-03-2025
5552,229,600000,180,15.61,29364,97,20-07-2011,20-07-2026
2991,296,700000,78,14.61,20339,42,26-10-2015,26-04-2022
1685,199,200000,108,14.18,6108,54,03-02-2014,03-02-2023
7933,73,900000,75,12.87,24811,52,17-06-2014,17-09-2020
7068,44,900000,180,14.89,40105,140,31-07-2018,31-07-2033
5020,72,500000,165,11.64,12681,90,01-03-2015,01-12-2028
8598,180,600000,138,12.62,16071,73,28-01-2022,28-07-2033
9009,181,200000,171,12.18,5846,116,21-12-2019,21-03-2034
4318,83,600000,126,15.76,20576,85,02-08-2020,02-02-2031
9660,133,600000,105,13.95,16243,74,14-03-2019,14-12-2027
1243,273,600000,45,15.53,20560,43,24-06-2012,24-03-2016
7753,218,800000,156,8.05,14031,146,02-01-2018,02-01-2031
9250,222,900000,90,11.22,21051,62,05-12-2015,05-06-2023
9600,134,700000,69,10.56,16759,56,26-04-2013,26-01-2019
3535,136,800000,108,16.94,30292,69,17-09-2018,17-09-2027
7737,8,600000,60,13.25,18629,53,22-04-2012,22-04-2017
9024,68,100000,99,17.02,3552,65,23-02-2016,23-05-2024
7732,255,200000,81,16.18,6072,65,29-09-2017,29-06-2024
8156,251,300000,27,11.48,13809,14,19-08-2018,19-11-2020
5147,21,600000,102,16.37,19782,82,27-03-2018,27-09-2026
2866,142,800000,102,16.72,27018,66,16-11-2018,16-05-2027
2122,202,400000,129,14.62,12136,102,31-08-2021,31-05-2032
4520,274,900000,93,16.96,28975,48,20-01-2021,20-10-2028
2233,292,300000,114,8.27,5380,104,04-04-2014,04-10-2023
1582,87,700000,54,15.89,23382,36,14-10-2017,14-04-2022
9517,21,500000,123,16.16,18182,96,01-07-2015,01-10-2025
5158,117,200000,81,10.59,4517,50,12-04-2017,12-01-2024
1067,25,700000,36,15.48,29944,31,23-04-2022,23-04-2025
1005,155,200000,171,10.36,4649,169,05-12-2015,05-03-2030
1492,170,500000,114,8.78,9354,77,17-09-2010,17-03-2020
3976,195,300000,168,8.66,5712,111,17-08-2023,17-08-2037
3398,164,600000,63,12.07,16837,43,15-05-2018,15-08-2023
1637,51,200000,129,16.44,7103,106,25-11-2021,25-08-2032
3423,122,800000,57,11.17,21437,57,04-12-2015,04-09-2020
8561,59,700000,45,11.68,21668,37,31-01-2011,31-10-2014
1672,76,500000,165,10.98,11740,114,30-01-2020,30-10-2033
3672,210,800000,144,13.79,26180,87,13-02-2014,13-02-2026
1765,227,600000,27,9.43,26611,14,03-04-2011,03-07-2013
3252,131,600000,81,13.13,15529,67,09-11-2020,09-08-2027
3050,3,500000,78,8.86,10668,75,03-10-2017,03-04-2024
4664,185,800000,150,8.56,14290,99,26-03-2023,26-09-2035
8135,85,800000,36,15.69,34409,24,03-12-2016,03-12-2019
2790,73,300000,24,11.47,15532,20,23-05-2012,23-05-2014
3804,204,700000,63,10.27,18115,63,18-04-2010,18-07-2015
4955,152,700000,156,9.99,15473,80,09-03-2021,09-03-2034
6741,151,500000,153,15.52,18457,92,22-04-2015,22-01-2028
1299,125,900000,15,11.64,66984,8,28-04-2017,28-07-2018
5753,199,100000,15,17.36,7824,8,01-02-2018,01-05-2019
4859,97,800000,33,15.4,32284,23,22-07-2015,22-04-2018
5432,299,300000,180,14.37,12489,108,20-05-2015,20-05-2030
1512,15,600000,96,10.49,13882,54,01-06-2023,01-06-2031
7273,115,400000,45,13.63,13041,24,07-09-2019,07-06-2023
4881,297,1000000,42,9.63,31372,35,03-03-2018,03-09-2021
1954,152,100000,45,13.91,3285,40,06-01-2021,06-10-2024
8879,25,900000,132,14.37,29861,81,20-03-2023,20-03-2034
2080,205,400000,6,12,66667,4,19-02-2023,19-08-2023
1042,251,200000,42,12.65,6807,24,06-02-2019,06-08-2022
1429,90,800000,15,15.75,61733,8,11-08-2018,11-11-2019
4301,16,500000,48,15.39,18467,45,12-02-2010,12-02-2014
1321,266,200000,51,13.86,6591,46,06-08-2013,06-11-2017
8602,51,200000,6,15.38,33333,4,18-11-2016,18-05-2017
6837,224,400000,45,13.12,12867,30,11-05-2015,11-02-2019
1969,154,400000,21,12.23,21377,12,17-05-2021,17-02-2023
5339,296,600000,135,17.25,25589,84,07-06-2021,07-09-2032
4870,49,800000,90,16.66,26140,72,24-09-2015,24-03-2023
8199,125,200000,84,12.4,5397,62,12-12-2014,12-12-2021
8195,35,400000,39,17.41,16600,32,23-04-2011,23-07-2014
2481,47,800000,123,17.06,31425,70,22-10-2022,22-01-2033
9417,261,600000,168,13.44,20872,108,24-07-2022,24-07-2036
9223,299,800000,6,11.66,133333,4,19-07-2015,19-01-2016
6968,228,500000,114,9,9526,114,17-05-2012,17-11-2021
3794,130,500000,120,15.91,18239,67,17-04-2016,17-04-2026
1038,215,800000,168,8.95,15811,104,18-11-2015,18-11-2029
5851,256,300000,3,14.8,100000,2,29-04-2017,29-07-2017
9657,255,300000,51,13.12,9632,41,24-03-2014,24-06-2018
1540,264,500000,39,17.29,20687,24,13-06-2014,13-09-2017
9358,297,200000,93,11.24,4533,88,11-03-2013,11-12-2020
6560,189,300000,63,8.39,7124,46,14-12-2016,14-03-2022
2320,263,700000,153,16.72,29252,92,19-02-2022,19-11-2034
4294,23,800000,120,10.71,18441,74,29-07-2014,29-07-2024
9641,83,600000,69,17,19065,53,07-02-2011,07-11-2016
4610,201,200000,81,17.29,6429,41,30-12-2020,30-09-2027
4260,23,300000,27,11.63,13846,21,11-05-2014,11-08-2016
5987,151,200000,84,17.3,7275,67,27-05-2016,27-05-2023
4118,26,700000,30,9.57,28013,17,06-11-2021,06-05-2024
6150,36,100000,81,15.72,2965,48,11-11-2022,11-08-2029
3545,45,300000,54,9.28,7923,50,02-01-2022,02-07-2026
9502,283,900000,57,12.79,25553,29,27-04-2016,27-01-2021
4284,105,400000,6,11.59,66667,5,21-01-2013,21-07-2013
4262,132,200000,159,14.77,7541,153,24-05-2011,24-08-2024
9018,4,400000,171,13.06,13043,126,19-06-2015,19-09-2029
8846,142,200000,156,15.14,8014,129,13-08-2016,13-08-2029
2212,215,100000,30,8.99,3960,18,26-07-2015,26-01-2018
3886,81,600000,51,14.36,20122,41,14-11-2014,14-02-2019
3533,159,800000,84,14.34,24333,57,09-11-2015,09-11-2022
6675,170,900000,138,12.38,23547,79,04-02-2011,04-08-2022
5252,109,300000,72,9.29,7100,57,27-06-2010,27-06-2016
4720,149,600000,6,12.92,100000,4,16-08-2021,16-02-2022
9180,140,100000,111,9.46,2032,104,23-08-2018,23-11-2027
1662,279,600000,51,12.65,18945,41,03-09-2019,03-12-2023
9422,153,200000,57,12.75,5670,36,18-02-2023,18-11-2027
7542,105,500000,90,13.44,13430,80,16-10-2012,16-04-2020
8963,293,800000,135,15.09,27808,128,26-09-2016,26-12-2027
1131,108,200000,84,11.58,5127,59,02-11-2012,02-11-2019
4391,114,400000,123,11.02,9251,89,25-12-2011,25-03-2022
9918,99,800000,96,13.27,22581,62,21-06-2010,21-06-2018
2173,202,300000,66,12,8011,60,01-12-2017,01-06-2023
5389,246,600000,159,16.78,28349,141,24-08-2020,24-11-2033
9546,238,200000,84,8.11,4110,81,31-07-2021,31-07-2028
2571,86,700000,132,13.03,20401,95,12-03-2013,12-03-2024
7835,104,600000,9,14.49,66667,7,25-10-2022,25-07-2023
6830,255,100000,6,16.91,16667,4,31-12-2018,30-06-2019
4588,123,500000,57,10.42,13040,39,17-10-2020,17-07-2025
6293,19,600000,48,16.26,22837,30,25-12-2017,25-12-2021
2958,187,900000,180,15.15,41489,102,27-05-2016,27-05-2031
5294,121,200000,135,10.1,4269,85,17-04-2012,17-07-2023
9971,8,100000,138,13.23,2842,107,12-11-2022,12-05-2034
5386,62,300000,126,13.14,8183,85,17-04-2014,17-10-2024
3518,284,300000,150,9.88,6195,129,09-02-2012,09-08-2024
5146,236,500000,45,12.93,16002,29,28-02-2021,28-11-2024
3934,24,300000,81,10.89,6886,69,26-08-2017,26-05-2024
5336,280,1000000,90,10.26,22013,86,26-03-2018,26-09-2025
1324,10,200000,42,11.9,6672,35,08-01-2016,08-07-2019
1721,30,900000,33,9.52,32713,20,05-06-2019,05-03-2022
2654,239,100000,93,11.53,2308,76,05-11-2010,05-08-2018
6757,60,400000,81,9.38,8457,67,22-03-2017,22-12-2023
3816,55,900000,174,17.46,49221,172,16-11-2010,16-05-2025
4443,125,700000,162,13.04,21262,87,18-05-2021,18-11-2034
2240,71,400000,117,9.57,7782,72,19-08-2021,19-05-2031
6809,11,200000,165,8.67,3572,103,27-11-2010,27-08-2024
4696,282,900000,51,14.74,30587,32,22-01-2018,22-04-2022
5543,8,400000,174,17.94,23161,92,20-05-2010,20-11-2024
7650,288,1000000,69,8.16,21453,47,08-05-2010,08-02-2016
1472,160,200000,66,9.29,4725,48,19-06-2020,19-12-2025
6593,231,600000,39,10.8,20927,37,03-09-2022,03-12-2025
6314,206,800000,39,14.2,30551,30,09-09-2014,09-12-2017
7373,281,700000,129,16.2,24354,69,11-03-2015,11-12-2025
9673,176,200000,120,10.61,4569,88,15-10-2014,15-10-2024
2726,124,600000,3,17.37,200000,2,10-07-2012,10-10-2012
6331,60,400000,63,16.72,13755,47,29-11-2021,28-02-2027
9312,125,200000,42,17.92,7808,24,22-12-2011,22-06-2015
3280,84,700000,114,15.87,23117,64,19-01-2012,19-07-2021
2388,159,1000000,69,8.11,21403,63,10-05-2021,10-02-2027
4888,130,600000,24,17.75,34663,19,22-08-2023,22-08-2025
3217,107,800000,12,12.45,74967,8,02-05-2023,02-05-2024
8214,63,300000,99,17.41,10943,58,12-03-2012,12-06-2020
2579,21,900000,45,14.65,30141,44,06-11-2018,06-08-2022
2905,221,200000,141,10.86,4409,108,15-06-2010,15-03-2022
3488,295,900000,90,11.13,20932,76,08-01-2017,08-07-2024
8417,141,500000,174,9.43,10147,163,02-06-2010,02-12-2024
6502,212,300000,126,16.5,10965,110,26-08-2023,26-02-2034
8229,156,700000,84,12.4,18888,82,20-08-2019,20-08-2026
6815,142,300000,171,13.61,10470,98,21-02-2022,21-05-2036
6044,73,800000,108,11.65,19971,78,21-12-2021,21-12-2030
9794,5,300000,87,9.21,6389,54,26-04-2010,26-07-2017
7183,191,300000,147,8.94,5702,88,21-07-2015,21-10-2027
6720,100,900000,168,17.17,49245,139,27-07-2017,27-07-2031
4548,255,800000,147,15.37,30261,84,28-12-2015,28-03-2028
8230,61,400000,108,12.23,10462,81,31-01-2014,31-01-2023
4725,136,400000,45,10.64,12039,39,28-08-2022,28-05-2026
5693,269,200000,36,8.05,7008,30,29-10-2020,29-10-2023
8808,197,300000,81,12.34,7445,47,14-09-2017,14-06-2024
9512,56,600000,162,16.68,27516,113,16-05-2014,16-11-2027
2347,197,800000,108,9.65,16972,92,14-07-2019,14-07-2028
4814,89,700000,141,16.52,26686,122,19-01-2021,19-10-2032
8288,128,700000,150,14.84,24554,126,17-02-2020,17-08-2032
4635,152,200000,87,17.07,6928,80,01-04-2018,01-07-2025
5132,106,600000,102,9.05,11764,82,17-05-2019,17-11-2027
8176,255,600000,135,11.9,15309,77,01-05-2020,01-08-2031
4360,141,700000,120,10.52,15861,111,21-08-2018,21-08-2028
1994,152,800000,9,11.73,88889,7,10-09-2018,10-06-2019
5480,148,300000,12,16.02,29005,6,27-03-2023,27-03-2024
1569,23,1000000,174,12.05,28263,92,02-10-2020,02-04-2035
7934,156,900000,90,17.81,31497,73,19-03-2022,19-09-2029
7422,298,500000,123,17.3,20047,94,02-07-2010,02-10-2020
7170,123,400000,42,13.05,13760,39,30-10-2018,30-04-2022
6346,54,800000,6,16.4,133333,6,08-08-2012,08-02-2013
4702,204,700000,168,11.23,18488,154,11-02-2017,11-02-2031
6739,84,500000,144,12.6,14423,112,17-10-2022,17-10-2034
9374,295,700000,90,10.09,15244,68,11-01-2023,11-07-2030
1183,264,100000,168,12.43,3069,112,04-07-2013,04-07-2027
8559,45,800000,27,14.44,38804,22,04-05-2020,04-08-2022
1882,72,300000,60,14.33,9767,57,04-08-2016,04-08-2021
7327,173,200000,144,17.28,9405,94,15-02-2012,15-02-2024
7520,120,800000,120,17.22,32653,68,13-04-2014,13-04-2024
4634,226,800000,105,15.99,24961,68,12-03-2012,12-12-2020
4189,136,100000,102,13.04,2614,85,02-07-2021,02-01-2030
3749,37,500000,30,13.13,21331,18,15-02-2010,15-08-2012
8226,149,400000,3,9.79,133333,3,21-09-2013,21-12-2013
1867,297,500000,105,12.37,12106,82,05-11-2017,05-08-2026
8180,293,500000,18,17.8,32722,14,02-03-2017,02-09-2018
8299,243,300000,69,8.13,6427,49,07-12-2010,07-09-2016
3552,119,300000,141,12.57,7826,130,27-08-2019,27-05-2031
4557,284,600000,72,9.26,14177,61,26-10-2018,26-10-2024
6100,27,700000,6,13.02,116667,6,08-04-2010,08-10-2010
7228,285,800000,39,12.61,29292,25,07-08-2021,07-11-2024
6996,133,700000,45,15,23658,27,26-04-2010,26-01-2014
5472,153,400000,21,14.86,21878,15,08-06-2013,08-03-2015
1203,148,900000,54,8.61,23191,28,12-12-2017,12-06-2022
8244,97,800000,123,13.55,23177,84,04-09-2011,04-12-2021
9097,40,600000,111,8.63,11386,72,10-02-2011,10-05-2020
8297,11,600000,150,15.86,23403,98,20-01-2019,20-07-2031
2660,20,500000,12,17.84,49100,7,22-11-2010,22-11-2011
4351,116,500000,12,8.73,45304,9,21-04-2021,21-04-2022
2402,51,800000,135,13.13,23020,75,27-09-2014,27-12-2025
4134,37,400000,141,11.36,9265,97,03-04-2023,03-01-2035
6445,112,900000,60,9.2,23292,37,21-06-2016,21-06-2021
4060,236,300000,84,14.88,9431,56,06-12-2018,06-12-2025
2761,256,200000,81,10.43,4478,59,10-11-2017,10-08-2024
7946,122,200000,15,16.46,15528,10,03-10-2022,03-01-2024
1504,16,600000,180,11.75,17644,151,19-12-2010,19-12-2025
3277,208,500000,75,13.08,13939,45,16-05-2013,16-08-2019
9084,215,300000,99,11.14,7054,55,21-02-2021,21-05-2029
6042,210,600000,9,18,66667,5,20-12-2015,20-09-2016
9503,162,700000,156,8.02,12233,101,14-04-2011,14-04-2024
4878,290,600000,102,13.02,15660,78,23-10-2020,23-04-2029
5772,151,700000,150,9.21,13432,87,14-06-2021,14-12-2033
6758,120,800000,18,15.23,51213,13,05-06-2014,05-12-2015
2525,107,300000,9,12.82,33333,8,31-03-2013,31-12-2013
5958,93,200000,153,11.54,4847,118,05-03-2014,05-12-2026
5289,24,200000,48,15.31,7366,28,16-01-2011,16-01-2015
7972,196,500000,30,9.9,20130,21,29-11-2011,29-05-2014
3079,8,100000,102,13.22,2647,54,04-06-2013,04-12-2021
7116,57,1000000,72,11.83,27165,44,17-04-2019,17-04-2025
5694,159,400000,120,15.35,13901,63,18-06-2013,18-06-2023
1390,196,400000,39,9.83,13588,29,08-08-2021,08-11-2024
